"id","lat","lon"
"H322","33.69260388099049","-96.43104376100115"
"H934","33.39332427260224","-96.77686569708402"
"H837","32.60046435645887","-96.83446418328863"
"H935","32.62377272733341","-96.92462919297303"
"H323","33.49368158013227","-96.48125453719257"
"H838","32.99073239570403","-96.58836321146488"
"H324","33.3481595403412","-97.1355413874409"
"H936","33.012624639642766","-95.68373375979317"
"H937","32.794793139025295","-96.30067678138352"
"H325","33.42009065135325","-96.5934854433383"
"H839","33.53546143105496","-95.56919189716811"
"H580","32.877674371508824","-97.3908604925627"
"H326","33.52419123350531","-96.78905591244454"
"H938","32.89821730526726","-97.3668269617013"
"H676","32.60214798484835","-97.22306008665285"
"H840","32.73382346060644","-96.95692992850498"
"H327","32.543512646349306","-97.17537538598854"
"H581","33.30550793741176","-97.37439744615453"
"H841","32.55308582539","-97.32499441590787"
"H677","32.82662118863948","-97.27314116921625"
"H328","33.174405920992385","-97.39197772149383"
"H842","33.76296721416604","-97.03372260740561"
"H582","32.85024729841015","-96.86061106009353"
"H329","33.417003898007806","-95.5700824892961"
"H678","33.73047043960373","-96.10239671822698"
"H843","33.23449139281044","-96.5485136734187"
"H330","33.65504176963894","-96.50595022771621"
"H583","33.539814836532805","-96.0789207604767"
"H679","33.77881455689935","-97.32628304557221"
"H331","32.64729304706069","-95.91436042146348"
"H844","33.57975128095777","-96.66099824257682"
"H680","33.35833703709289","-96.67801710334595"
"H584","33.072994502221164","-95.84297724468155"
"H332","33.62615359373565","-96.03789447998629"
"H845","33.50751042430026","-97.24843662282794"
"H333","32.97362991824104","-96.56347412148075"
"H585","33.680439682041175","-96.47919438362983"
"H846","32.53703794049095","-95.69778379668838"
"H334","32.87942401577647","-97.29093173678973"
"H847","32.78051646445705","-96.53649918326916"
"H335","32.93660171929982","-96.33830892717349"
"H586","32.45699327653837","-97.35468430850311"
"H848","32.497990344541414","-96.52956170066417"
"H336","33.766914073437626","-96.45940133649084"
"H337","33.49938737582328","-96.84907076951676"
"H338","33.444814917445115","-96.65373303548965"
"H849","33.27855596316153","-96.06265533510897"
"H587","33.494029259807824","-95.62912373799698"
"H850","32.60278499214293","-97.06989343061201"
"H339","33.43643621686294","-96.18206131936007"
"H588","33.1901525012871","-96.65028920653249"
"H340","32.97042745107298","-96.00964093021031"
"H851","33.35788971283297","-96.83381817913858"
"H681","32.86198619632029","-96.42458951247484"
"H589","33.380276499232046","-96.14620865060225"
"H341","33.61308080935332","-96.3561066241307"
"H852","32.9230389111074","-97.12839820857168"
"H342","33.14718319055773","-96.57280212260778"
"H590","33.3121850350839","-96.31380007309627"
"H682","33.139759399865376","-95.75679467185502"
"H853","33.02827798127079","-95.95670266000485"
"H343","32.911435912856575","-97.21615412252538"
"H591","33.16119569694443","-97.32858032454446"
"H854","33.23184604731242","-95.6167630632227"
"H592","33.2723720487119","-96.26418050569684"
"H855","33.30312590683869","-96.62652455010434"
"H593","33.74705452506111","-96.5915342244937"
"H856","33.617105221705195","-96.55027614793848"
"H344","32.6046882761189","-96.81335781453282"
"H594","33.76305004123489","-97.42236696535518"
"H857","33.48479109773961","-96.33949843173029"
"H595","32.87120006993012","-95.86253971676345"
"H345","33.59835739784199","-95.61847849947762"
"H858","33.69634545862581","-96.23053981121234"
"H346","33.67415182401916","-95.92376484357513"
"H596","32.93613692874612","-96.07109245924269"
"H859","32.52296262277948","-95.58567150978755"
"H597","33.359538700738796","-97.00980413316803"
"H860","32.931158275858465","-97.32975471755059"
"H861","33.2315239942856","-95.65764753501078"
"H862","33.52758470664705","-96.40040554938746"
"H598","32.614216942866264","-96.0732463177825"
"H683","32.52221224741169","-96.05125235200113"
"H863","33.09233448109983","-96.35719789589446"
"H599","32.92236877601564","-97.29082785496318"
"H684","33.057300397767406","-96.52773518270729"
"H864","32.50424207163758","-96.67798507647568"
"H600","33.106145297154306","-96.76337070342943"
"H685","33.67865529033635","-95.84998083818047"
"H865","33.25555653417105","-96.344405706094"
"H347","33.83392096330665","-96.60548552287051"
"H601","32.69251311972096","-97.238865208874"
"H866","32.623244089673975","-95.95880856004312"
"H602","33.26549303678601","-97.14264510679082"
"H867","33.80003192073747","-95.59916662718315"
"H686","33.53792464555082","-96.66409793392556"
"H603","33.645934103644485","-96.3626310382783"
"H868","33.323758251428124","-96.60604138060187"
"H687","32.67453700151438","-97.22271144847785"
"H604","33.10350404024768","-95.98153316376872"
"H688","33.58660347183521","-97.24758515899023"
"H605","33.072811115043024","-96.87225140083603"
"H689","32.543508087190865","-95.68717857882544"
"H690","33.43067022947004","-95.64869755833408"
"H606","32.98245852412115","-95.68105879142259"
"H607","33.005859753865295","-95.614399138009"
"H869","33.05662593427344","-96.76370352067883"
"H691","32.54660800379597","-96.75011573130259"
"H608","33.18659440248081","-95.7569277567213"
"H870","33.81851645973942","-95.71302031694376"
"H692","33.3153239320103","-96.55166304435717"
"H609","33.201267137955995","-96.82755075747976"
"H871","32.69521423498368","-96.27990960618475"
"H693","33.8501684175953","-97.26016936097129"
"H872","33.87015083525658","-96.90321582631657"
"H694","33.79205549352909","-97.40089891781311"
"H610","32.676484031233485","-95.72560937297739"
"H873","33.50226910092973","-96.89974730855826"
"H695","32.69387453097513","-96.12624890512511"
"H696","32.47871830286966","-97.36960218444885"
"H874","32.62258201406423","-95.83015067694397"
"H611","32.54067987417911","-96.1724300562009"
"H697","33.77921882821951","-96.62779584150026"
"H875","33.368084994808136","-97.29572502637464"
"H698","33.77052126678672","-95.60919530050099"
"H612","32.978857191167855","-96.28898585544876"
"H876","33.48969534604426","-95.7398668375913"
"H699","33.887740905179015","-96.95612208635268"
"H613","33.16761854872985","-95.63445824730205"
"H700","32.70533270896177","-96.96325841450629"
"H877","33.664548022958094","-96.30190838130025"
"H614","32.66515504677959","-96.12844196917489"
"H701","32.91653468603077","-97.40074153083914"
"H615","33.02810507775814","-96.2688630582092"
"H878","32.815772815443935","-95.98497096490864"
"H702","32.5149376229634","-96.6880997470966"
"H879","33.546266602990286","-96.28192782622413"
"H616","33.71449998154198","-95.86207718941026"
"H703","33.5154260570047","-95.81191747288936"
"H704","32.63833130377864","-96.46611228144997"
"H880","33.18278026259115","-96.49026958412338"
"H617","33.472440576369955","-95.7272475287993"
"H705","33.802480322070515","-96.06672130316346"
"H618","33.48821009523187","-96.15469684678412"
"H881","33.110803213393524","-97.15022838123059"
"H706","33.633574669725505","-97.40079103679123"
"H619","32.79237354165657","-95.74197640693586"
"H882","33.03416017750668","-96.60221730312331"
"H348","33.70388721029814","-96.79418004867424"
"H883","32.747392707164536","-97.10746051561486"
"H620","33.43772048977348","-96.25974237140245"
"H884","33.008276987146004","-96.09337634154399"
"H349","32.64280154389232","-97.09763053751503"
"H621","32.60868599411121","-96.68926907575553"
"H350","33.02737919305187","-96.82676970551552"
"H885","32.7703431779652","-96.45550898278125"
"H622","33.495373390148416","-95.97317523433473"
"H351","32.61522070443816","-96.47825532703716"
"H886","33.004114978604235","-96.17754831915337"
"H352","33.63356911028572","-95.84964262888339"
"H623","33.74824848772951","-95.99772239547656"
"H353","33.44202879608794","-96.10171308013658"
"H887","32.78365301520716","-95.69242652844328"
"H624","32.93572818102111","-97.30125409825976"
"H888","33.63065692607856","-95.6695889021049"
"H625","32.828535602635505","-96.08601752188926"
"H889","32.60703420399795","-97.0111850697832"
"H890","33.701088641492746","-95.76068864720791"
"H354","33.83826962717899","-95.66920127192863"
"H626","32.704579227010015","-96.19770037951335"
"H891","32.9914044000719","-96.93411861786198"
"H355","33.04673876770457","-96.18114798868412"
"H627","32.75016136266048","-96.38555067018743"
"H356","33.35392605312146","-95.98726783156422"
"H892","32.82064680459025","-97.37923381864799"
"H628","33.14201356690264","-96.84184796944321"
"H893","33.55640919191111","-96.29211297950044"
"H707","33.480164774991096","-95.56487919232653"
"H629","32.55859842758959","-95.7153809242507"
"H894","33.32475628800374","-96.88626020270553"
"H630","33.04569291490028","-96.23641264247907"
"H895","32.5620397547547","-96.31291128772558"
"H631","33.73674675912944","-96.60480238333601"
"H896","32.4684624472635","-96.44542439951223"
"H632","32.51313992262382","-95.6662665603432"
"H897","32.86620175007013","-96.58637369828527"
"H644","32.68386809057944","-97.31331560823543"
"H633","32.94705071247177","-96.20078607153509"
"H898","32.66967069383707","-97.0271633890139"
"H645","33.59463829276643","-95.86884633658514"
"H899","33.47813325661577","-95.65086609191819"
"H634","33.43771720613247","-96.42085432388642"
"H357","33.2693002407065","-95.6213765194971"
"H646","33.754235758889955","-96.73261538975638"
"H900","33.117073886087354","-96.64742935773207"
"H635","33.80021299856857","-97.44217529176024"
"H647","33.8349033358349","-96.98791636160412"
"H901","32.469786865555314","-95.57683018361108"
"H636","33.3313316640635","-95.98376142070438"
"H648","33.27131358617457","-95.7689157101135"
"H637","33.024524260072056","-97.03628057401602"
"H805","33.46356951703789","-96.87246119142145"
"H649","33.26842677445546","-95.9536462603214"
"H638","32.89326049959599","-95.59909070934606"
"H650","32.634772363911296","-97.12119645678241"
"H806","33.02202872525992","-95.52811447820281"
"H639","33.28301432477998","-96.30782373282621"
"H651","33.767156382529","-96.73751284290051"
"H807","33.33733988147511","-96.99407238688731"
"H358","32.97214117428062","-96.89734668993269"
"H640","33.133711684728965","-95.55047310038765"
"H652","33.16445137071164","-96.43275618887876"
"H808","33.698210892508044","-96.96330862432104"
"H653","33.269718881069444","-96.268666837761"
"H641","32.68607385930027","-96.79402556375027"
"H809","33.219410787499726","-97.26487054848427"
"H654","33.10879798956879","-96.17724657638858"
"H810","33.291597686050174","-97.27142706289966"
"H655","33.479737717053894","-95.84683449973352"
"H811","33.48929501010289","-96.31842613985556"
"H642","33.7206866113389","-96.21015493975958"
"H656","33.773870240079916","-95.82713588899273"
"H812","33.09319211829312","-97.37745557932149"
"H643","32.6927072929427","-97.15241883770202"
"H657","33.13287037154033","-96.22769966616715"
"H813","32.75555393485073","-96.9059829136047"
"H658","33.58130930655642","-97.0938989535997"
"H548","32.78486736285531","-97.43039702417637"
"H814","33.209894040548875","-95.94811490542483"
"H659","33.55769942724513","-97.43688116676297"
"H549","33.06678100314965","-96.86431534125654"
"H660","33.44329832031255","-95.836991220034"
"H550","32.878294232630054","-97.07277309413065"
"H661","32.48565245003577","-96.58634902679944"
"H815","32.87919288449616","-96.45415907341521"
"H551","32.57592313774988","-97.39695640878706"
"H662","32.60638531264827","-96.39424550264063"
"H816","33.649655364480765","-96.97549614023379"
"H663","33.210623162563316","-97.14001218635322"
"H817","32.78119255368289","-97.03202536958709"
"H552","32.77574424691846","-95.77701721669055"
"H818","32.50262625091141","-96.47761138584745"
"H664","33.38289696625939","-97.32734548951456"
"H553","33.73764123709718","-96.87739445592005"
"H359","33.432376359321175","-96.75870198359162"
"H819","32.51832570988206","-96.76082588924234"
"H360","33.73305929555025","-97.22152078796222"
"H554","32.97970441780903","-95.85488788041202"
"H665","32.93173059324487","-95.6024696490392"
"H820","33.7964126292383","-95.5923211565231"
"H361","33.20153373643916","-97.4297296918709"
"H555","32.513372596043894","-96.16808136876973"
"H666","32.676722038962694","-96.82771298747983"
"H821","32.77222869951823","-97.32962747320862"
"H362","33.19817297603715","-96.2396128868964"
"H556","32.751907276925394","-95.75155179067121"
"H822","33.20403558893207","-96.4726801840916"
"H363","33.19370050575935","-96.37126834750498"
"H667","33.691383513188875","-95.76860692112793"
"H364","33.81455230113294","-95.99439334413877"
"H823","33.07678958228132","-96.68885863235752"
"H668","32.77759084135116","-97.14067926709598"
"H824","33.03613454082363","-96.19739816849808"
"H365","32.55011186183222","-96.98661958357575"
"H557","33.06265484829071","-95.76953788080249"
"H669","33.194099944195536","-96.93565204956715"
"H825","33.61969074549124","-96.68387624497454"
"H366","33.03133059740182","-96.42981323518886"
"H558","32.67884486643366","-96.97346830898127"
"H670","33.30962968398499","-96.5590733707461"
"H367","33.02038865919031","-96.90420130133013"
"H826","32.75802561896057","-96.51421328443836"
"H671","33.77930796028129","-96.67818337588724"
"H368","33.52765529550245","-95.6454610425886"
"H559","32.548573638759315","-96.13635871999847"
"H827","33.74286875644759","-97.2663505839456"
"H369","32.94143148236308","-97.01438257452219"
"H672","32.647706776832194","-95.88472862931036"
"H560","33.71217047166944","-95.61391642179635"
"H370","32.701113690356","-96.42203457594643"
"H673","32.923965554513074","-95.88149062375544"
"H828","33.560191804650394","-95.54063205438459"
"H371","33.09886833628041","-97.07629311642398"
"H561","32.90227393341222","-96.0430033831407"
"H674","32.67831195869376","-96.74112515521766"
"H829","33.70885229502308","-96.07448095617475"
"H675","32.613257972650416","-95.69981538021888"
"H562","32.954584500023984","-96.02198087402064"
"H830","33.552339604195744","-96.51086424497937"
"H563","33.13648581778416","-96.57899975537102"
"H831","33.33528992425665","-96.54414233669898"
"H372","32.656176720639046","-96.48230048730044"
"H564","32.8008189350332","-96.55965114604969"
"H832","32.699734292308705","-96.86610817195115"
"H373","32.954145069450405","-96.76032285230569"
"H565","33.570768696870566","-97.27678216989007"
"H833","33.215406317924085","-96.7744835607076"
"H566","33.4815572915653","-96.91573061435703"
"H834","33.83289525779678","-95.57107879046411"
"H374","33.80159156978409","-96.75707506477292"
"H567","33.04844605483729","-95.92078319329063"
"H375","33.22305834974031","-97.2069950802661"
"H835","32.71005558424571","-96.84247807755816"
"H376","32.53630598310083","-96.50514561190357"
"H568","33.79041264164511","-95.62832457063101"
"H836","33.11831499968337","-97.09782514553946"
"H377","32.68427031296529","-96.62179228098861"
"H569","33.65028126883864","-96.92132132919994"
"H378","32.46588535652853","-96.4786752053861"
"H773","32.4607820058565","-97.31188515806528"
"H570","32.51972551020253","-96.21340502366577"
"H379","32.66789582509859","-96.6920344420506"
"H774","32.54026771785796","-95.91495259105294"
"H380","33.72917913762113","-95.69359954923274"
"H571","32.54825729997333","-96.29269912396862"
"H775","33.097296774434625","-96.82768723010369"
"H572","32.66255857978781","-96.17055172289278"
"H776","33.652741866999804","-96.96050398665263"
"H740","33.91544508385168","-96.8932127268864"
"H573","33.362940136301816","-95.59963653582203"
"H777","33.11808881423105","-96.6450261042937"
"H741","33.16690065678384","-97.13833651273036"
"H778","32.78281135622431","-97.15912566989269"
"H574","33.56835026243148","-97.40792042744225"
"H779","32.85784377562331","-95.68314235072899"
"H780","33.5589686754619","-96.25215353899301"
"H575","32.577128926624844","-96.02944473699007"
"H781","32.671767836574986","-96.27119736716693"
"H742","33.66603440515761","-95.84679330259682"
"H782","33.107753755523476","-96.62252302616642"
"H576","32.79184931351953","-95.92076000460432"
"H743","33.78540777033538","-95.60724640971311"
"H381","33.027474652210344","-96.89477999145137"
"H783","33.68397750900011","-96.02416081150372"
"H744","32.862545144852746","-96.29890620135139"
"H784","32.47048172183133","-96.3878768149468"
"H745","33.01447880419615","-95.82312056978867"
"H785","33.85785455641761","-96.98390618298315"
"H746","32.738066866193975","-95.97991399343789"
"H998","32.891370462618674","-96.24603445472951"
"H786","32.53641080129112","-96.38209921992569"
"H787","33.205093950643416","-96.97917770716283"
"H999","33.88385413010759","-95.61320728987732"
"H747","32.53924448831916","-96.79539558375558"
"H788","33.76569281490511","-96.85727251509255"
"H748","33.199482508437804","-96.00342312736319"
"H1000","33.209364093131796","-95.55585947740886"
"H789","33.36043661934412","-96.51975777911132"
"DC15","33.12719076","-97.26655978"
"H749","33.76681139993666","-96.20865768474671"
"H790","33.45769388695102","-96.00264763729248"
"DC29","33.09958461","-97.32698458"
"H750","32.8925908777522","-96.44830645069368"
"DC1","33.08577829","-97.34346407"
"H791","33.32283602912725","-97.01527308089133"
"DC9","33.08577829","-97.00288792"
"H751","33.588199949307665","-96.55686403773221"
"H792","33.38080177836276","-97.34771178398633"
"DC21","33.07196979","-97.04134007"
"H752","32.49642269678747","-97.37506750832945"
"DC5","33.05815913","-97.01387425"
"H793","33.6652422729772","-95.74975337435268"
"H753","33.43326357979167","-95.96142344806377"
"DC25","33.05815913","-96.9149973"
"H794","33.0340421887842","-95.76926791241628"
"H754","32.79683656561422","-97.3077760049295"
"DC4","33.03974154","-97.00838108"
"DC23","33.0213201","-96.92598363"
"H795","32.81120907675251","-95.63286437936499"
"H755","32.53226870440521","-96.06285450712363"
"DC30","33.01210793","-96.28328347"
"H756","33.33693681985409","-95.60382897799073"
"DC31","33.00289481","-96.70076391"
"H757","33.357109590579924","-95.90209346216533"
"DC8","32.98907331","-96.67879126"
"DC16","32.97064129","-97.31599825"
"H758","33.21274424385588","-96.41247533781862"
"H796","33.30064694478068","-97.43500420458886"
"DC17","32.95681474","-97.02486057"
"H759","32.734931658023235","-96.56735110878009"
"DC20","32.94298604","-96.87105199"
"H797","32.453873715014346","-95.57067560585944"
"DC14","32.91993338","-97.37642305"
"H760","32.619991574511786","-97.04779621231654"
"DC26","32.90609891","-96.68428442"
"H798","33.40000254313574","-97.32416408968592"
"H761","32.98542706947153","-96.16819382016476"
"DC22","32.85996838","-96.61287329"
"H799","33.255733939607765","-96.97761128694964"
"DC24","32.85996838","-96.39863991"
"DC19","32.85535401","-97.05232639"
"DC13","32.8507394","-96.40962623"
"H800","33.33012663338172","-96.6389016903369"
"H762","32.948498860237926","-97.4073507151787"
"DC27","32.84612454","-97.04683323"
"H382","33.77172520954739","-97.22366024107907"
"H801","32.94352344444527","-97.172427444831"
"DC28","32.83689412","-97.50825898"
"DC2","32.82304668","-96.88203832"
"H802","33.22853838808487","-95.71213429565711"
"DC18","32.76301617","-96.6568186"
"H383","32.96776989127533","-97.40200374711962"
"DC3","32.74915722","-96.72822973"
"H803","32.78406589981014","-97.35974188953782"
"DC7","32.74915722","-96.75020239"
"H384","33.40904255330936","-95.81550985087817"
"DC6","32.73991672","-96.77217504"
"H804","32.666488386422294","-97.20402860359576"
"DC12","32.73529611","-96.83259984"
"DC11","32.72605418","-96.77217504"
"H902","33.61725825007123","-95.89446072832695"
"H966","32.5361828087168","-96.72804048072003"
"H385","33.35749752826356","-97.2907479079837"
"H967","32.48235770904953","-97.25547399622667"
"H903","33.09693159454693","-95.86281592861437"
"H968","33.20490419701979","-95.8282482487585"
"H904","32.751635263887984","-95.97206162528741"
"H969","33.59705805441434","-95.83120586755501"
"H970","32.988233852275684","-97.29831053149734"
"H905","32.780974682397186","-96.4145153864166"
"H971","33.532306778647346","-96.7780728011212"
"H906","32.543090545031816","-96.13812984713319"
"H972","32.96351472164786","-96.08413160339066"
"H973","32.88772879989523","-95.92941758332792"
"H907","33.05113910335607","-96.29122484534844"
"H763","32.484139239709755","-96.04304876586248"
"H974","33.32759018891507","-96.93266880449154"
"H908","33.16521192717464","-96.89554396763423"
"H975","33.66167633178201","-96.49495463840462"
"H909","33.24114345215085","-95.94490784752746"
"H976","33.41979056537285","-97.032538006612"
"H977","33.74415316012754","-95.71639645809724"
"H386","33.07680503778786","-96.4216408804045"
"H910","32.9985375256668","-96.087644767396"
"H978","32.63554357965183","-95.68960429136807"
"H764","32.719007561341876","-97.33698264855457"
"H979","33.18431666510374","-95.69517126725445"
"H911","33.75989992556864","-97.0183469866449"
"H980","33.58447332482023","-97.33724688750594"
"H765","32.4838097184427","-97.09932941527637"
"H912","33.323742245553106","-96.64372586400704"
"H981","33.26566492487352","-97.43350383502971"
"H766","33.781369882804164","-96.16357784847908"
"H982","33.703537272930696","-95.75519170560271"
"H913","33.103452457237296","-96.11160661108104"
"H767","32.75324515244562","-95.57791431987694"
"H983","32.9932234229955","-97.24774446014284"
"H914","33.673966969448294","-96.9154544034758"
"H768","33.19996294606347","-96.14162739194927"
"H915","33.27087563542716","-96.39785591514719"
"H984","33.84721361521616","-95.71372197314186"
"H769","33.565113465544364","-96.76542366046971"
"H985","33.254782054774374","-96.27592028756916"
"H916","33.46407971015398","-96.61618294635394"
"H770","33.37817710237496","-97.38100076935167"
"H986","32.701772293916","-95.56376915779012"
"H917","32.922870922491505","-96.04331615127917"
"H987","32.55403783705353","-95.74449828232149"
"H771","32.50180138274829","-96.22624413473187"
"H918","32.74200797258723","-96.94193722637489"
"H988","33.71400863679997","-97.34693846561379"
"H772","32.713751674368616","-96.23479752625762"
"H919","32.664176864962585","-96.36532362850373"
"H989","32.68909044924765","-96.29285935547394"
"H990","33.55336979810061","-97.26522942041143"
"H920","33.18449963077397","-96.55868447757054"
"H991","32.79646558903743","-96.89297833994095"
"H921","33.86839387913436","-95.75026557161702"
"H708","33.50534623558798","-96.94093348226926"
"H922","32.65380769108313","-97.18886157888483"
"H709","32.578253724430624","-97.27415412825037"
"H161","32.64862411587131","-97.29083387771277"
"H923","33.51967387553602","-96.59753384688078"
"H162","32.51575975539381","-96.15685650822148"
"H710","32.73704356013998","-96.27188152255464"
"H163","33.12282042306097","-95.57419969632619"
"H164","33.85196800354756","-97.21736302857308"
"H924","32.63526370726545","-95.80868118142321"
"H711","32.73331801298381","-96.3851668853643"
"H925","33.74582896262457","-96.65322466672404"
"H712","32.891419604429146","-96.35432590638959"
"H992","33.819620813401976","-96.87396915279716"
"H290","33.09994069263174","-96.23632989902879"
"H713","32.54967969138976","-97.00676321660607"
"H926","32.58143594425761","-96.44837096418831"
"H993","33.19629057017728","-97.16312463735754"
"H291","32.60268005802118","-96.18819363061137"
"H714","32.96069225921159","-96.6793134026309"
"H994","33.72068738861721","-97.22865885159098"
"H927","32.65135891601166","-96.20299514017061"
"H292","32.636524864568145","-96.40234803806491"
"H995","32.770174079937306","-95.87153304270005"
"H715","32.85472339641701","-96.37709326049419"
"H293","33.3599571106751","-96.38335965950947"
"H996","33.314671313427276","-97.01388297120779"
"H928","33.113685514971394","-96.71913447847481"
"H716","32.66284117978133","-95.84136521502668"
"H294","32.75568551899503","-96.49025377934638"
"H997","33.427030498844275","-95.95739700387145"
"H717","33.18259324138937","-96.13002892052518"
"H295","33.42816153357958","-96.42128741605431"
"H929","32.93592352258289","-97.17215706672344"
"H296","33.68166710601648","-96.92788016662811"
"H718","33.620245741868175","-96.46518814361441"
"H65","32.922153209118875","-96.20079053559803"
"H930","33.71029648888044","-95.62935749859078"
"H297","33.46590009352393","-96.45131799329526"
"H719","33.581620322998766","-95.88082919218184"
"H298","33.15162470097561","-96.62084629943746"
"H720","33.42961221169962","-95.79189255105665"
"H299","33.161333449519944","-96.37328790818485"
"H300","33.09415395848108","-96.42868903329861"
"H66","32.69386737527278","-96.96502010315764"
"H721","32.82489624742629","-95.95332576833604"
"H301","32.76935224353396","-97.19515705374761"
"H931","32.61748786019617","-96.18291564703605"
"H67","33.38577860649193","-97.38162995625133"
"H302","33.804331972897295","-96.63792840324079"
"H722","33.4965997817712","-95.89120818021892"
"H68","32.468691028095925","-96.36310448373571"
"H932","33.71592179291906","-96.20149931555791"
"H303","32.64744256028059","-96.75709310699042"
"H723","33.7374503311796","-96.6476937304602"
"H69","33.65687408520534","-96.13279205566856"
"H304","33.07225421836126","-97.19466374830759"
"H933","33.13159163817277","-96.64011266359832"
"H724","33.02615016786205","-96.6213144175954"
"H70","33.76811263038923","-95.70130687617556"
"H725","33.703491901504556","-95.91584834270404"
"H71","33.825728108259824","-96.95925687787066"
"H726","32.57111358930601","-96.60688025451526"
"H72","33.305856929140475","-96.80610043399967"
"H305","33.59907539575935","-97.25724574494527"
"H73","32.894197422251615","-96.0647323375266"
"H727","33.3474173105236","-97.14912214376378"
"H74","33.87399592199741","-96.8783901704121"
"H728","33.61828244669423","-95.70930230214812"
"H451","32.45850658889279","-95.53554680837202"
"H75","33.418956342297626","-95.56259351128301"
"H729","33.29975184190801","-96.64541441995364"
"H76","32.997924989717404","-96.7705936146667"
"H452","32.77795121888446","-96.80068913005566"
"H77","33.74349175937554","-96.96827960395515"
"H730","33.43889640838841","-96.78537952433298"
"H78","33.000900521703684","-95.77413780724712"
"H453","33.7254051300826","-96.78462908083358"
"H731","33.11505877841602","-97.14409744465641"
"H79","33.437969061689515","-97.32970082528236"
"H454","33.50235011337374","-95.7354659376452"
"H80","33.51391061252235","-96.33206740403212"
"H455","33.79817949452535","-96.86054586361584"
"H732","33.39075594118575","-96.28330580560757"
"H81","32.91810849145258","-96.14479076395807"
"H733","32.54965349190074","-97.10794269111267"
"H456","33.60433910303398","-96.33918050918653"
"H82","33.008562059379045","-97.08308150500822"
"H734","33.65090572677616","-96.53043723449576"
"H83","33.4749056440335","-96.6860684007386"
"H457","33.918848286106765","-95.55992618991061"
"H84","33.5520788045233","-96.19741029728027"
"H735","32.45289525123479","-96.09249620797314"
"H85","32.94463798982062","-96.68376037846102"
"H458","33.5803363117405","-96.0139935735747"
"H736","33.725663969984126","-96.81764481015303"
"H86","33.42424497967252","-95.79869720572297"
"H459","33.34238437706873","-97.13913040462576"
"H737","33.07940374665531","-97.31312738286917"
"H87","32.942786980387474","-97.1184170207679"
"H738","32.813727715875046","-96.63402321984586"
"H88","32.56445578224991","-95.56896391826353"
"H460","33.24855681614498","-96.97714704751425"
"H739","32.76528721949924","-95.85861718450109"
"H89","33.28098700083745","-96.53763083626512"
"H461","32.63408733653302","-96.71329694136169"
"H90","33.39175245460374","-96.40793044036762"
"H462","32.74606238577595","-96.38767152046307"
"H91","33.439102018205226","-96.21989684766965"
"H92","33.49898262626904","-95.78656187548906"
"H463","33.16375985902769","-95.96556476030982"
"H306","33.49501596686202","-95.77897236268967"
"H93","32.93549374380979","-96.44232572431653"
"H464","33.726042225876434","-96.11684170791843"
"H94","33.34379938460336","-96.81455697672892"
"H307","33.75913414976531","-96.96396500715709"
"H95","32.95357166385249","-96.02381152381658"
"H465","33.639220342715035","-96.61629984779415"
"H308","33.651112236094704","-96.18602261911197"
"H96","33.126510426457514","-97.20434271001955"
"H309","33.4805101635496","-96.90768189293982"
"H466","33.27665086431022","-97.05263097644024"
"H97","32.99252920751166","-95.7450941964921"
"H310","33.45742276239292","-97.35846428388409"
"H467","33.48059224162387","-96.78463971439382"
"H98","33.361815702584394","-96.16956124379908"
"H99","33.33841649648697","-96.27903049358943"
"H468","33.38415489261399","-96.19299728787765"
"H100","32.808242286080194","-97.31178073191866"
"H101","33.47782982738555","-96.09644428165134"
"H469","33.18025354933358","-97.30827325349996"
"H419","32.9989017418877","-96.61158531469616"
"H102","33.29661193650003","-96.75847407344817"
"H470","32.69223413125537","-95.91831468756693"
"H103","33.46510405573662","-95.98737151962455"
"H420","32.85819240649622","-97.06970272959815"
"H471","33.27343989257277","-95.58674674976025"
"H104","32.655598453783455","-97.29964703558754"
"H472","32.47106716270668","-96.88240982049575"
"H105","32.53608388169208","-96.3700387494711"
"H473","32.99161575568795","-95.90409314935842"
"H106","33.52476048081303","-97.38957266361794"
"H421","33.082514875773334","-95.57148495061355"
"H474","33.71174323200089","-96.819584642132"
"H107","33.28360831488947","-96.35274498211606"
"H422","33.2478383711645","-96.42382675521435"
"H108","32.89297367974075","-96.38525099806108"
"H423","32.56455763199803","-96.67792171404827"
"H475","33.83296074019314","-95.82137799464589"
"H311","33.35428347712582","-96.80198945600375"
"H109","32.594253015176065","-96.62716994165632"
"H424","32.65423227637487","-97.22970255064062"
"H476","33.67336163814081","-96.81846330248054"
"H110","33.292014437512584","-96.59127148999691"
"H425","33.57011661161585","-95.88009543165012"
"H477","33.624592823785264","-96.30624753928834"
"H111","33.20993657546895","-95.88686496988606"
"H426","32.938308413630054","-97.06476621420374"
"H478","33.49968836230092","-97.41115323657418"
"H427","33.44825421970423","-97.04602345590526"
"H112","32.69515911275405","-96.63124987742474"
"H479","33.27024681136381","-95.92631051621719"
"H428","33.18445161073627","-95.80969668567732"
"H113","33.71520757422243","-96.55388608277308"
"H480","33.660835375389375","-96.83580569523546"
"H429","33.431251744300475","-97.08336315869016"
"H114","32.603754230725905","-96.6818459392925"
"H430","33.2973210103068","-95.52433274428873"
"H481","32.814191491512496","-95.81415612097629"
"H115","32.770193499027094","-95.81154497138189"
"H431","33.34186730567009","-95.56666264229966"
"H482","33.26733812949593","-96.96584100610826"
"H116","32.50165792769543","-95.58310586324792"
"H432","33.16814832848535","-95.85335055914875"
"H117","32.734681363835236","-96.95315821189845"
"H433","32.55767591693873","-96.32556853857282"
"H483","32.75455061871997","-96.59636540630115"
"H118","33.47995461079839","-96.38922182872683"
"H434","33.58022935314779","-96.74291306707103"
"H484","32.65085656608686","-97.16153329465037"
"H119","32.78500207592727","-97.16278253791232"
"H120","33.76767676860452","-95.7478220441309"
"H435","32.981806052255706","-96.72188059397192"
"H485","33.10936572033098","-95.97879144461993"
"H436","33.359398753983946","-96.52613150048403"
"H486","33.38973071148023","-96.00487745841636"
"H121","32.60335164850828","-96.78134602571411"
"H312","32.97667378554221","-95.79390205244083"
"H437","33.7468080090581","-96.26576828016756"
"H122","33.735806202307195","-96.1630198133058"
"H313","32.64692593256561","-96.67031017749852"
"H487","33.12370448039796","-96.20424880618211"
"H438","32.54142429218081","-95.54364139569084"
"H123","32.77870857512523","-96.83550646370358"
"H314","33.496053376421656","-96.51334478785363"
"H488","32.52426640685109","-96.8779243078485"
"H124","33.41787135209185","-95.77491740831259"
"H315","33.27895614980006","-96.18803417532132"
"H439","32.945109013583235","-97.13311543448279"
"H489","32.90930703664648","-96.53720481455659"
"H125","33.49486389485175","-96.1747467796714"
"H440","32.89946175844283","-95.56403501752771"
"H316","32.600300893534765","-96.8779527623279"
"H126","32.91094618574872","-97.33431085495857"
"H490","33.40191247666723","-97.03513141354858"
"H317","33.14476902968588","-96.40294615635848"
"H441","32.869543711363406","-97.15743994491952"
"H127","33.57517435578997","-97.26207552176236"
"H318","33.30786177975136","-96.62368706098233"
"H442","33.35339315032886","-95.7256877235124"
"H491","33.84099358727733","-97.21719874622381"
"H128","32.81349423745493","-96.84089929853486"
"H319","32.954353325432734","-95.8954400283601"
"H443","33.201255428521094","-95.59030231821181"
"H492","33.59116433650259","-95.91951496912161"
"H33","32.909567720034325","-96.21409124211996"
"H320","33.49215883822937","-95.76946505378864"
"H444","33.71276133941186","-97.32296223905746"
"H493","33.33588459234807","-96.03031682170126"
"H34","32.52741729793007","-96.65933113743601"
"H321","33.763686382008295","-95.77337364627466"
"H445","33.570494974557896","-96.96283229910122"
"H35","33.39806401563668","-95.71194981137806"
"H258","32.598239704632036","-96.74806265220435"
"H446","33.67641636499923","-96.21807425807172"
"H36","32.723947756910015","-97.2543130200717"
"H259","33.68406597891549","-96.1318727095235"
"H37","33.4457348698869","-96.51793829668367"
"H494","33.5519909972259","-96.60053206261473"
"H260","33.38680846391163","-96.59006498304686"
"H38","32.96476465803886","-97.37998397201142"
"H447","32.585669165183","-96.69429435471866"
"H261","33.79638021494108","-96.89600061422766"
"H495","33.205652893716","-96.4929710503574"
"H262","33.7871814009954","-96.89018881132145"
"H496","33.1861073553769","-96.54850318446725"
"H263","32.5803572789097","-96.44512693013965"
"H264","33.09686087326039","-96.72730297300558"
"H497","33.78981901172161","-97.42191394010344"
"H498","33.787609916632135","-95.69972616539486"
"H499","32.88164178164223","-97.16604187976866"
"H448","32.45926165131267","-95.75281280260198"
"H265","33.03220304368404","-97.0498705036716"
"H500","33.537349947320926","-97.22331019763048"
"H266","33.64911120485916","-96.082335905255"
"H39","32.94752382474732","-96.45697108612761"
"H449","33.264938787611044","-97.41997506426969"
"H501","33.3754766684196","-96.33983447245967"
"H450","33.38307030408622","-97.34425926626434"
"H40","33.21483848978862","-97.18798277138478"
"H267","32.933870049980435","-96.5597323848676"
"H387","33.31138047963609","-96.09842162897698"
"H502","33.33200536132192","-96.79358266554004"
"H41","33.830076277784734","-96.62773348955264"
"H268","32.777252536194204","-97.4490450967484"
"H388","33.64622228947893","-95.55607757442748"
"H503","33.710033276798455","-96.00446973879089"
"H269","32.72562275535167","-97.17494396773623"
"H42","33.78782971366874","-96.6846253123497"
"H389","32.66863937761455","-95.86081374020779"
"H270","33.40984928364359","-95.8419513397551"
"H504","33.50483364941338","-96.93742509947259"
"H43","33.822000635726305","-96.63368418487245"
"H390","32.56400904784347","-96.19776857523789"
"H271","33.32909001056481","-96.9330566393987"
"H391","33.54099945515823","-96.61032735199073"
"H44","32.936693477381425","-96.67110250586065"
"H505","32.47875487632359","-97.09137934831529"
"H272","33.05348858041499","-96.96436834274363"
"H392","33.71065481268574","-97.01474473916214"
"H45","33.32201589736414","-96.37024926861598"
"H506","32.97142297587841","-96.84154904418372"
"H273","33.294126547004566","-96.23952473565822"
"H393","32.58112778883662","-95.70396676494416"
"H46","33.139045848685626","-97.11243155986996"
"H274","32.89161920242444","-96.25333531766779"
"H507","32.794070451116866","-97.10001082263459"
"H394","33.369782560604186","-95.89109237557005"
"H275","33.59398040976071","-95.92297229010892"
"H395","33.117634179643254","-97.25046388883345"
"H47","33.48190028166278","-95.9315391015613"
"H276","33.709365257004755","-96.70975793776181"
"H508","32.504486743197454","-96.1821780633035"
"H396","33.68466349263888","-95.53346585238879"
"H48","33.09112689565899","-95.59731836126323"
"H277","32.824730129073146","-97.17995935000553"
"H509","32.844853242853496","-96.35000461409335"
"H397","33.19688922730866","-95.86993007237966"
"H49","32.7044796989084","-96.63923090340296"
"H398","32.7470422327864","-97.36995388285143"
"H510","33.58359741541928","-96.75902177237"
"H50","33.54468917116828","-96.4252659639539"
"H511","33.19201334732986","-95.84915456212067"
"H51","32.954880683757985","-97.31873299559783"
"H399","32.48253500153084","-97.02993662621279"
"H512","33.403994254119624","-96.39721365757657"
"H52","33.70444528101222","-96.80506850966188"
"H400","33.57074874294269","-95.66885161399534"
"H165","33.36359580358168","-96.74098760195693"
"H513","33.742988407001164","-95.63057217330577"
"H401","32.991153028649094","-96.10808492143398"
"H53","32.5162616223663","-96.23991139324902"
"H166","32.73025586966738","-96.15538014240609"
"H402","33.750551869401995","-96.5932065185738"
"H514","33.13608496509214","-96.20063310425593"
"H54","33.464398260233814","-95.59559042346528"
"H167","33.27022729966164","-96.80884103423982"
"H403","32.75694065973351","-96.29871238719561"
"H515","32.89257671177063","-97.23107358231034"
"H55","32.97004092423546","-95.5652195949455"
"H168","33.79447000767984","-97.34374094065217"
"H404","32.89472664273471","-97.07984792572188"
"H169","33.873181362657434","-97.19878506719546"
"H56","33.67591078280363","-96.81746618200461"
"H405","32.98781951875081","-95.895205807265"
"H170","33.01436993381087","-95.6541735180962"
"H57","33.621014559533606","-95.6632719241014"
"H406","32.63428105641702","-96.68406408475703"
"H516","33.66576696442587","-95.77593119198039"
"H58","33.32414312228833","-96.74461440175804"
"H407","32.50177855551965","-96.56575945303038"
"H517","33.44392757275478","-96.22204300662375"
"H59","32.847417891894615","-97.05129969177327"
"H408","33.22167593920583","-96.54660629238464"
"H518","32.7762112127151","-96.089534432596"
"H171","33.29491664332447","-96.81340271215049"
"H409","33.47452859752516","-97.26031806611769"
"H60","32.74783565014287","-97.14022920459271"
"H519","33.26890900698154","-96.91170644862595"
"H410","33.64466213493936","-97.36516849355345"
"H172","33.35452610730623","-96.13202051230051"
"H61","32.69390420253802","-96.11707104290062"
"H520","33.29032780640049","-96.89480866852708"
"H411","32.516087419637635","-96.6711574384206"
"H62","33.358961457110944","-97.41681078895498"
"H412","32.48421333957641","-95.99957904295213"
"H278","32.686602335191886","-97.07827964360641"
"H63","33.6955504172103","-97.05288671349597"
"H521","33.02978453509308","-96.39826463000743"
"H413","32.7116466899617","-96.81229190927591"
"H64","33.84004753954517","-95.81640700118272"
"H414","33.527059221793515","-95.58349038866137"
"H522","33.395143479902046","-95.68721231115431"
"H415","32.58373133519108","-96.7196327940388"
"H523","33.80840371549765","-96.58078015788054"
"H416","32.48789140183338","-97.40799880817983"
"H524","32.76094403163427","-96.96316286394908"
"H1","33.30507026118304","-97.05026373074324"
"H417","33.34816848651846","-97.34779115577052"
"H525","33.52352851139961","-96.94464478372977"
"H2","33.16151019175267","-96.42475919151804"
"H418","33.42364264827333","-95.84074620165156"
"H526","33.40010212842959","-95.75936119619881"
"H3","33.787779847806824","-95.68272335649567"
"H4","33.63627281433317","-95.61065261731075"
"H527","32.483036392684134","-96.20343937226575"
"H225","33.62750669911312","-96.26203055963526"
"H5","32.545638872236886","-95.63846765237024"
"H528","32.509354193638174","-96.92455635227863"
"H226","33.53489033746239","-95.56552947291146"
"H6","33.44268490069172","-95.64986000546402"
"H529","33.51224048624757","-96.17567418034812"
"H227","32.50986766785785","-96.41629673527953"
"H7","33.37545562152678","-95.90918111142669"
"H228","32.668811997724134","-96.36664108824124"
"H530","32.793219469736684","-95.59160187175235"
"H229","32.516772592137066","-95.5831974168942"
"H531","33.30293059165557","-96.69025779832944"
"H8","32.575711229044515","-97.33075545918176"
"H230","33.16850160169948","-96.97266509751451"
"H532","33.17466257239963","-96.1316881504331"
"H9","33.450734717562106","-96.71948938312548"
"H231","33.8555404434183","-96.04160563020731"
"H533","33.56614991414731","-96.63318054960666"
"H232","33.741842585457505","-97.06963660278329"
"H10","32.99931062749044","-96.42664974153136"
"H534","32.60630459440685","-96.95949758570315"
"H233","33.279548872939486","-96.00547491113382"
"H11","33.13475620367579","-97.04237637900042"
"H234","32.99668809986975","-96.62806567699309"
"H535","32.509141069979066","-97.04830504700676"
"H12","33.224979564973005","-96.40150725912672"
"H235","33.49590790483951","-95.70332486822234"
"H236","33.36009221141134","-96.35346551697957"
"H536","32.58870865932747","-95.54417334208831"
"H13","33.130896692557364","-95.83747372075857"
"H237","32.46855461789189","-96.34522782766074"
"H537","33.549948776398324","-96.03110888342064"
"H14","33.11478605931406","-95.806174294305"
"H238","33.43411410475341","-96.86205366187916"
"H538","33.43255996771599","-95.74382761587073"
"H239","33.5035278872236","-97.39893066709061"
"H15","33.709886489186374","-97.19729636960959"
"H539","32.764976189798084","-96.0780921337677"
"H240","32.92045077372134","-97.36410470194699"
"H16","32.489225579832976","-96.85769189639723"
"H540","33.76021263569496","-95.79304095348995"
"H241","32.52235254173503","-95.57250909211719"
"H17","33.5769675494492","-96.63712832777229"
"H541","32.5003874281387","-97.25850746674243"
"H242","33.17173852444275","-96.35485959721618"
"H18","32.72086155872024","-95.82316368801952"
"H542","33.20141000251266","-96.94439160186137"
"H243","33.435060139747314","-95.53783187148025"
"H543","33.43479592677635","-97.26921272702282"
"H244","32.64099399084156","-96.42415271658679"
"H279","33.41817057665462","-96.34098300415025"
"H544","32.48506408704809","-96.09480230968624"
"H245","32.45748979905681","-97.03799648003786"
"H280","32.85107763819184","-97.28148052737237"
"H545","32.53257685333627","-96.35525650881024"
"H246","33.16254247914318","-95.70472220063694"
"H281","32.88623168367927","-96.98994584155497"
"H546","33.47974792796932","-95.67786946111157"
"H247","33.135978958938296","-95.5542865607658"
"H19","33.25343143817617","-95.92978307703459"
"H248","33.334201676267654","-97.24717546727894"
"H20","32.52786019831399","-96.66305096138714"
"H249","33.585387485636794","-95.78467689158593"
"H547","33.459538391129485","-97.15494894391973"
"H21","32.95824692372436","-96.63369686996458"
"H250","32.91353013325186","-96.70814007377616"
"H282","33.70271934031664","-97.3795558610274"
"H22","33.51472941241279","-96.2299869681081"
"H251","33.36281055078032","-96.4919643939546"
"H23","32.46415834455613","-95.79176283383676"
"H283","33.74151134574506","-96.09881810403908"
"H24","32.563817874821126","-96.53534363548025"
"H284","32.61947763910152","-97.44756103494262"
"H129","33.85199084128168","-96.80595238432497"
"H252","32.70095180895825","-96.79779555301151"
"H25","33.14840500690823","-96.60548505432203"
"H130","32.68652021802297","-97.26364756582268"
"H253","32.57660575533561","-96.48965547895585"
"H26","33.62867251814805","-96.53808271362156"
"H285","33.53969489680649","-96.84886870344592"
"H254","33.51126749941408","-96.59350997013637"
"H286","33.68037031548148","-95.90564070126885"
"H27","32.97697646624095","-96.76306426626363"
"H255","32.92325926570014","-96.02483896261461"
"H256","33.577489117413144","-97.16084330163551"
"H28","33.32479212440423","-97.35879241295314"
"H131","33.74345412973057","-95.94422532902195"
"H287","32.53249856481104","-96.52447514059727"
"H257","33.51273179350693","-97.20210139762504"
"H29","32.611897495104685","-96.94717497271922"
"H288","33.27287306634021","-96.13887816958031"
"H132","33.3359864946015","-95.63370621971012"
"H30","33.32378387312793","-96.82737436190207"
"H193","33.42286357598135","-96.10345634090555"
"H289","33.035086236137595","-97.07118658761797"
"H133","33.10790753846286","-96.65972425589575"
"H194","33.52935768925407","-96.91634783068334"
"H31","33.377336062206986","-97.34603553605506"
"H134","32.64328265144589","-96.10231304415282"
"H195","33.58862911526902","-96.95233760907962"
"H32","32.85959254138546","-96.4423950603145"
"H135","33.10909730268691","-96.70023996027655"
"H196","32.47470293204257","-97.3233230000283"
"H136","33.49817789755767","-97.09970324507825"
"H197","33.11347217416577","-96.86667030210054"
"H577","32.975940084066366","-96.30799630045726"
"H173","33.16363375597423","-96.64121510004624"
"H198","33.144796479713975","-96.29139148739107"
"H174","33.11977096064146","-97.05770084084895"
"H137","33.78486044647304","-96.97075407757802"
"H199","32.81296627813952","-95.69370560182635"
"H578","33.484630318580926","-97.16711578649583"
"H175","32.69207015230415","-96.46762814095983"
"H138","33.16295289303605","-96.57739112127898"
"H200","33.80688734917325","-96.77570850584952"
"H579","33.27834448853058","-95.7611278114522"
"H176","33.650287455022706","-97.40394584648158"
"H139","32.75469860171449","-96.13744683311442"
"H201","33.524899532389085","-95.87364900182305"
"H177","33.325954088834415","-97.12385196757272"
"H140","32.67036387111259","-96.49060925232206"
"H202","32.559187288191296","-96.93908593042686"
"H178","32.52384103923679","-95.73235737449531"
"H141","33.526235120425866","-95.75912569658173"
"H939","32.92471584070121","-96.81961799434747"
"H203","32.89990192845889","-96.59481103413806"
"H179","33.48216724218511","-97.20405485541373"
"H142","32.74106940642965","-96.44195245536854"
"H204","33.257656844135816","-95.97898260526235"
"H940","32.799578269341254","-96.78930407936528"
"H180","33.70127841654198","-95.96499148018462"
"H143","33.34720861212188","-95.70015247693888"
"H205","32.47341169220451","-95.75249264250145"
"H941","33.50807926030634","-96.40859040414549"
"H144","32.48696113662767","-96.90884154702476"
"H181","32.95672963967582","-97.11934262424923"
"H206","33.39057288596119","-96.62121491186628"
"H942","32.816414905398915","-96.2324630867908"
"H145","32.73994415823907","-96.73070353678752"
"H207","33.50393279546221","-97.13602912515968"
"H182","33.00216829200818","-96.81992793614948"
"H943","33.76912755632963","-95.71327304683184"
"H146","32.843855489362646","-95.56875012414733"
"H208","32.95139912732257","-97.42017464720746"
"H183","33.131339271314985","-97.03235144073153"
"H944","32.529694417416074","-95.77750283334646"
"H147","33.055406114393584","-96.36214987374737"
"H209","33.57576516857176","-96.3455499772985"
"H184","33.3583160415375","-97.21293236220727"
"H945","32.7933508817472","-97.02182802169617"
"H148","32.71573743319486","-96.05470841311963"
"H185","32.46874791459627","-96.0679221851072"
"H210","32.55091124963206","-96.29164500208887"
"H946","32.62343411361144","-95.65663135802747"
"H186","33.71260083177253","-96.52388415779987"
"H211","32.68511730203636","-96.88860608195533"
"H947","33.44635608623405","-96.7697762608113"
"H187","33.5582137176089","-96.85988550245884"
"H212","32.82909524563881","-96.15699110882369"
"H149","33.37846277961807","-97.31967941019532"
"H188","33.886489079189836","-97.19166357250937"
"H948","32.690323886457946","-96.90884369480528"
"H213","32.50156577017202","-96.5107773387459"
"H150","32.626359421976446","-97.27899932814248"
"H189","33.05269406339845","-95.57588095976548"
"H949","33.732463984579425","-95.59980826430188"
"H214","33.006366740670025","-97.36954408733918"
"H151","33.366395486822256","-95.84030526732111"
"H190","33.55842173373025","-96.4752603556406"
"H215","32.63432704430081","-96.71172993082155"
"H950","32.675089519326306","-96.1225337172464"
"H152","33.72881224424608","-95.7543644330057"
"H191","33.56675974255044","-95.84541116226288"
"H216","33.31281488718176","-97.06557359028517"
"H153","32.83042688649443","-97.27564189460578"
"H951","32.583187243182834","-97.00200235523509"
"H192","33.11125223413676","-95.67876331049098"
"H217","33.30395166958237","-96.90564933086301"
"H952","33.3859793791985","-97.29563661761071"
"H154","33.887929632927154","-97.2268681721211"
"H218","33.32867369919481","-96.28510927146296"
"H953","33.55479281037693","-95.61923843786386"
"H155","33.097884705832584","-96.23711669631518"
"H219","33.176977440417595","-96.55885991474658"
"H954","32.91251046923049","-95.63762871934316"
"H156","32.78107147977836","-96.68079455207841"
"H220","33.688263768671824","-97.15118487959589"
"H955","33.458226682563954","-97.26468813136768"
"H157","33.64143679806914","-96.5244845046395"
"H221","33.55642707958324","-96.85065067358151"
"H956","33.46433767768877","-96.33969091342637"
"H222","32.671501783614914","-96.53454996211946"
"H223","32.64810254702125","-96.33940344351541"
"H957","32.47647314031221","-96.72180222857398"
"H158","32.87158416231593","-97.02449734963088"
"H224","32.85570179871029","-95.76493089868332"
"H958","33.013716435353835","-96.52906074760352"
"H159","32.503724393477796","-95.67776129131532"
"H959","33.4708438710386","-95.78375656273482"
"H160","33.247434924682324","-97.3413142620611"
"H960","33.061176576799596","-96.71003982995425"
"H961","32.791719520533846","-96.31289710608375"
"H962","33.26728403541647","-95.76200429489026"
"H963","32.84225471509696","-95.72158659904217"
"H964","32.67666713914889","-95.75843467389258"
"H965","32.530154174737525","-97.16526544961417"
